rank,model,embedding_dim,importance
1,2012,25,0.048105
2,2012,383,0.042078
3,2012,135,0.034258
4,2012,277,0.033564
5,2012,95,0.029513
6,2012,222,0.026544
7,2012,21,0.026228
8,2012,214,0.024550
9,2012,47,0.024144
10,2012,246,0.018904
11,2012,353,0.017153
12,2012,125,0.015823
13,2012,174,0.015711
14,2012,300,0.015300
15,2012,143,0.014212
16,2012,152,0.013323
17,2012,357,0.012531
18,2012,4,0.012219
19,2012,66,0.011817
20,2012,218,0.011750
21,2012,75,0.011047
22,2012,3,0.010214
23,2012,147,0.009505
24,2012,217,0.008948
25,2012,233,0.008469
26,2012,274,0.008436
27,2012,44,0.008265
28,2012,236,0.007824
29,2012,264,0.007800
30,2012,129,0.007554
31,2012,117,0.006844
32,2012,193,0.006784
33,2012,0,0.006765
34,2012,221,0.006521
35,2012,76,0.006447
36,2012,115,0.006381
37,2012,327,0.006372
38,2012,50,0.006293
39,2012,276,0.006155
40,2012,302,0.006063
41,2012,250,0.005833
42,2012,197,0.005743
43,2012,230,0.005520
44,2012,369,0.005509
45,2012,185,0.005108
46,2012,281,0.005083
47,2012,199,0.005029
48,2012,252,0.004997
49,2012,119,0.004982
50,2012,341,0.004723
51,2012,245,0.004442
52,2012,182,0.004339
53,2012,53,0.004167
54,2012,275,0.004158
55,2012,144,0.004100
56,2012,226,0.003999
57,2012,5,0.003975
58,2012,262,0.003970
59,2012,291,0.003964
60,2012,254,0.003963
61,2012,312,0.003860
62,2012,293,0.003791
63,2012,49,0.003690
64,2012,29,0.003644
65,2012,354,0.003578
66,2012,367,0.003518
67,2012,113,0.003516
68,2012,286,0.003511
69,2012,36,0.003432
70,2012,297,0.003366
71,2012,82,0.003181
72,2012,156,0.003090
73,2012,194,0.002829
74,2012,212,0.002783
75,2012,213,0.002750
76,2012,48,0.002743
77,2012,306,0.002704
78,2012,279,0.002694
79,2012,203,0.002589
80,2012,23,0.002511
81,2012,315,0.002472
82,2012,84,0.002409
83,2012,122,0.002382
84,2012,91,0.002380
85,2012,352,0.002352
86,2012,140,0.002305
87,2012,61,0.002107
88,2012,11,0.002057
89,2012,120,0.002040
90,2012,231,0.002040
91,2012,153,0.002022
92,2012,296,0.002002
93,2012,191,0.001960
94,2012,63,0.001931
95,2012,237,0.001913
96,2012,42,0.001899
97,2012,24,0.001895
98,2012,345,0.001893
99,2012,55,0.001860
100,2012,373,0.001828
101,2012,204,0.001808
102,2012,62,0.001776
103,2012,151,0.001762
104,2012,94,0.001736
105,2012,12,0.001727
106,2012,314,0.001726
107,2012,111,0.001710
108,2012,361,0.001703
109,2012,162,0.001692
110,2012,320,0.001686
111,2012,136,0.001665
112,2012,163,0.001657
113,2012,168,0.001645
114,2012,219,0.001553
115,2012,261,0.001548
116,2012,93,0.001528
117,2012,227,0.001512
118,2012,165,0.001503
119,2012,249,0.001489
120,2012,41,0.001483
121,2012,364,0.001456
122,2012,348,0.001440
123,2012,97,0.001406
124,2012,65,0.001402
125,2012,133,0.001399
126,2012,240,0.001389
127,2012,228,0.001389
128,2012,138,0.001369
129,2012,35,0.001354
130,2012,22,0.001351
131,2012,202,0.001322
132,2012,43,0.001320
133,2012,243,0.001317
134,2012,160,0.001314
135,2012,68,0.001280
136,2012,265,0.001254
137,2012,324,0.001253
138,2012,333,0.001240
139,2012,167,0.001233
140,2012,336,0.001232
141,2012,238,0.001222
142,2012,80,0.001174
143,2012,234,0.001144
144,2012,131,0.001133
145,2012,178,0.001125
146,2012,30,0.001122
147,2012,146,0.001111
148,2012,298,0.001110
149,2012,81,0.001108
150,2012,6,0.001106
151,2012,251,0.001088
152,2012,289,0.001064
153,2012,190,0.001056
154,2012,301,0.001054
155,2012,159,0.001054
156,2012,88,0.001052
157,2012,19,0.001047
158,2012,323,0.001042
159,2012,51,0.001038
160,2012,343,0.001037
161,2012,188,0.001032
162,2012,326,0.001032
163,2012,139,0.001024
164,2012,96,0.001017
165,2012,33,0.000999
166,2012,316,0.000993
167,2012,329,0.000985
168,2012,69,0.000973
169,2012,374,0.000969
170,2012,382,0.000965
171,2012,56,0.000954
172,2012,215,0.000950
173,2012,335,0.000948
174,2012,225,0.000948
175,2012,272,0.000939
176,2012,99,0.000926
177,2012,295,0.000917
178,2012,137,0.000916
179,2012,322,0.000910
180,2012,8,0.000905
181,2012,328,0.000904
182,2012,112,0.000895
183,2012,334,0.000888
184,2012,59,0.000883
185,2012,15,0.000844
186,2012,363,0.000832
187,2012,126,0.000828
188,2012,299,0.000824
189,2012,224,0.000821
190,2012,57,0.000819
191,2012,347,0.000813
192,2012,169,0.000803
193,2012,9,0.000791
194,2012,78,0.000783
195,2012,164,0.000773
196,2012,145,0.000769
197,2012,121,0.000761
198,2012,280,0.000757
199,2012,342,0.000744
200,2012,118,0.000740
201,2012,232,0.000736
202,2012,181,0.000731
203,2012,339,0.000725
204,2012,10,0.000718
205,2012,200,0.000715
206,2012,172,0.000715
207,2012,287,0.000713
208,2012,189,0.000712
209,2012,103,0.000709
210,2012,37,0.000706
211,2012,46,0.000702
212,2012,253,0.000700
213,2012,180,0.000699
214,2012,307,0.000697
215,2012,175,0.000684
216,2012,346,0.000681
217,2012,26,0.000680
218,2012,256,0.000678
219,2012,365,0.000678
220,2012,282,0.000676
221,2012,235,0.000667
222,2012,248,0.000659
223,2012,171,0.000657
224,2012,141,0.000650
225,2012,89,0.000649
226,2012,173,0.000648
227,2012,247,0.000648
228,2012,372,0.000630
229,2012,210,0.000626
230,2012,110,0.000623
231,2012,375,0.000619
232,2012,106,0.000618
233,2012,14,0.000616
234,2012,83,0.000616
235,2012,255,0.000614
236,2012,379,0.000611
237,2012,108,0.000609
238,2012,257,0.000604
239,2012,100,0.000597
240,2012,16,0.000595
241,2012,27,0.000592
242,2012,109,0.000582
243,2012,86,0.000578
244,2012,370,0.000578
245,2012,376,0.000575
246,2012,40,0.000571
247,2012,77,0.000568
248,2012,310,0.000560
249,2012,154,0.000559
250,2012,70,0.000559
251,2012,196,0.000558
252,2012,67,0.000555
253,2012,74,0.000549
254,2012,98,0.000543
255,2012,356,0.000543
256,2012,366,0.000540
257,2012,17,0.000536
258,2012,344,0.000532
259,2012,258,0.000530
260,2012,381,0.000530
261,2012,206,0.000529
262,2012,211,0.000529
263,2012,79,0.000527
264,2012,64,0.000519
265,2012,184,0.000515
266,2012,313,0.000513
267,2012,201,0.000510
268,2012,269,0.000510
269,2012,166,0.000506
270,2012,170,0.000505
271,2012,73,0.000504
272,2012,123,0.000496
273,2012,318,0.000493
274,2012,304,0.000491
275,2012,192,0.000475
276,2012,350,0.000472
277,2012,311,0.000472
278,2012,161,0.000471
279,2012,259,0.000466
280,2012,179,0.000462
281,2012,90,0.000462
282,2012,305,0.000455
283,2012,39,0.000452
284,2012,38,0.000451
285,2012,150,0.000448
286,2012,267,0.000448
287,2012,331,0.000448
288,2012,285,0.000445
289,2012,208,0.000443
290,2012,239,0.000438
291,2012,18,0.000437
292,2012,349,0.000433
293,2012,338,0.000433
294,2012,207,0.000432
295,2012,195,0.000430
296,2012,260,0.000428
297,2012,332,0.000428
298,2012,284,0.000427
299,2012,183,0.000426
300,2012,229,0.000425
301,2012,52,0.000424
302,2012,72,0.000421
303,2012,359,0.000421
304,2012,124,0.000420
305,2012,58,0.000420
306,2012,116,0.000412
307,2012,198,0.000412
308,2012,351,0.000410
309,2012,321,0.000410
310,2012,28,0.000408
311,2012,104,0.000406
312,2012,148,0.000404
313,2012,130,0.000403
314,2012,7,0.000402
315,2012,32,0.000398
316,2012,355,0.000398
317,2012,107,0.000397
318,2012,220,0.000396
319,2012,142,0.000395
320,2012,54,0.000394
321,2012,60,0.000393
322,2012,157,0.000390
323,2012,241,0.000390
324,2012,273,0.000388
325,2012,309,0.000386
326,2012,377,0.000381
327,2012,216,0.000381
328,2012,71,0.000379
329,2012,128,0.000378
330,2012,186,0.000378
331,2012,134,0.000377
332,2012,132,0.000376
333,2012,263,0.000374
334,2012,362,0.000372
335,2012,45,0.000356
336,2012,13,0.000356
337,2012,114,0.000356
338,2012,102,0.000355
339,2012,270,0.000351
340,2012,177,0.000344
341,2012,176,0.000342
342,2012,337,0.000340
343,2012,317,0.000339
344,2012,205,0.000335
345,2012,101,0.000335
346,2012,294,0.000332
347,2012,371,0.000329
348,2012,266,0.000325
349,2012,308,0.000322
350,2012,283,0.000319
351,2012,209,0.000314
352,2012,34,0.000309
353,2012,105,0.000307
354,2012,303,0.000307
355,2012,380,0.000303
356,2012,278,0.000303
357,2012,378,0.000301
358,2012,2,0.000300
359,2012,85,0.000293
360,2012,92,0.000290
361,2012,87,0.000286
362,2012,155,0.000281
363,2012,149,0.000280
364,2012,360,0.000280
365,2012,292,0.000270
366,2012,187,0.000269
367,2012,325,0.000255
368,2012,1,0.000252
369,2012,368,0.000248
370,2012,271,0.000246
371,2012,340,0.000237
372,2012,288,0.000235
373,2012,358,0.000233
374,2012,268,0.000230
375,2012,31,0.000215
376,2012,290,0.000211
377,2012,330,0.000196
378,2012,244,0.000185
379,2012,158,0.000182
380,2012,242,0.000174
381,2012,20,0.000133
382,2012,127,0.000000
383,2012,223,0.000000
384,2012,319,0.000000
1,2014,117,0.045909
2,2014,264,0.038579
3,2014,95,0.034245
4,2014,3,0.028051
5,2014,78,0.023249
6,2014,152,0.021454
7,2014,135,0.019530
8,2014,350,0.019492
9,2014,215,0.018932
10,2014,80,0.018859
11,2014,383,0.018190
12,2014,300,0.017829
13,2014,286,0.016951
14,2014,214,0.016351
15,2014,4,0.015983
16,2014,143,0.015609
17,2014,42,0.013509
18,2014,298,0.012728
19,2014,194,0.012501
20,2014,353,0.012474
21,2014,204,0.012434
22,2014,162,0.011599
23,2014,360,0.011033
24,2014,191,0.010536
25,2014,226,0.010256
26,2014,302,0.009896
27,2014,239,0.009548
28,2014,293,0.009384
29,2014,352,0.009192
30,2014,12,0.008898
31,2014,131,0.008459
32,2014,107,0.007856
33,2014,230,0.007751
34,2014,94,0.007749
35,2014,153,0.007092
36,2014,240,0.006779
37,2014,361,0.006286
38,2014,21,0.006186
39,2014,222,0.006027
40,2014,311,0.005852
41,2014,76,0.005840
42,2014,341,0.005584
43,2014,182,0.005349
44,2014,156,0.005293
45,2014,209,0.005122
46,2014,281,0.004901
47,2014,357,0.004842
48,2014,147,0.004825
49,2014,160,0.004824
50,2014,66,0.004676
51,2014,259,0.004573
52,2014,379,0.004557
53,2014,11,0.004534
54,2014,234,0.004524
55,2014,125,0.004508
56,2014,174,0.004269
57,2014,183,0.004127
58,2014,84,0.004126
59,2014,276,0.003993
60,2014,51,0.003945
61,2014,249,0.003848
62,2014,233,0.003741
63,2014,378,0.003664
64,2014,262,0.003642
65,2014,197,0.003471
66,2014,199,0.003407
67,2014,14,0.003357
68,2014,297,0.003075
69,2014,196,0.003020
70,2014,349,0.002911
71,2014,255,0.002870
72,2014,291,0.002857
73,2014,18,0.002634
74,2014,25,0.002622
75,2014,97,0.002560
76,2014,238,0.002526
77,2014,113,0.002438
78,2014,136,0.002404
79,2014,206,0.002404
80,2014,122,0.002401
81,2014,55,0.002350
82,2014,62,0.002259
83,2014,247,0.002210
84,2014,180,0.002169
85,2014,274,0.002145
86,2014,24,0.002121
87,2014,68,0.002099
88,2014,254,0.002092
89,2014,6,0.002086
90,2014,279,0.002031
91,2014,310,0.002027
92,2014,369,0.001988
93,2014,212,0.001944
94,2014,306,0.001899
95,2014,33,0.001896
96,2014,32,0.001866
97,2014,75,0.001844
98,2014,179,0.001831
99,2014,277,0.001818
100,2014,304,0.001799
101,2014,296,0.001797
102,2014,175,0.001784
103,2014,167,0.001777
104,2014,363,0.001774
105,2014,195,0.001770
106,2014,74,0.001765
107,2014,289,0.001757
108,2014,236,0.001742
109,2014,343,0.001737
110,2014,326,0.001733
111,2014,305,0.001732
112,2014,116,0.001704
113,2014,246,0.001678
114,2014,252,0.001615
115,2014,15,0.001610
116,2014,85,0.001600
117,2014,218,0.001599
118,2014,63,0.001590
119,2014,47,0.001590
120,2014,275,0.001583
121,2014,245,0.001534
122,2014,190,0.001530
123,2014,329,0.001513
124,2014,267,0.001506
125,2014,237,0.001491
126,2014,185,0.001490
127,2014,217,0.001486
128,2014,111,0.001477
129,2014,242,0.001453
130,2014,57,0.001449
131,2014,61,0.001442
132,2014,40,0.001417
133,2014,171,0.001417
134,2014,193,0.001412
135,2014,261,0.001403
136,2014,315,0.001366
137,2014,168,0.001357
138,2014,221,0.001352
139,2014,103,0.001329
140,2014,253,0.001306
141,2014,69,0.001270
142,2014,248,0.001246
143,2014,50,0.001226
144,2014,301,0.001199
145,2014,81,0.001192
146,2014,377,0.001187
147,2014,208,0.001186
148,2014,200,0.001185
149,2014,120,0.001181
150,2014,159,0.001181
151,2014,211,0.001180
152,2014,294,0.001173
153,2014,150,0.001172
154,2014,225,0.001166
155,2014,64,0.001165
156,2014,251,0.001140
157,2014,38,0.001138
158,2014,46,0.001124
159,2014,295,0.001112
160,2014,93,0.001091
161,2014,321,0.001085
162,2014,339,0.001084
163,2014,260,0.001078
164,2014,101,0.001072
165,2014,90,0.001068
166,2014,119,0.001060
167,2014,56,0.001031
168,2014,27,0.001030
169,2014,110,0.001025
170,2014,203,0.001021
171,2014,53,0.001017
172,2014,115,0.001011
173,2014,243,0.001008
174,2014,142,0.001003
175,2014,340,0.000997
176,2014,158,0.000992
177,2014,258,0.000990
178,2014,365,0.000983
179,2014,290,0.000978
180,2014,141,0.000965
181,2014,138,0.000962
182,2014,114,0.000955
183,2014,58,0.000936
184,2014,244,0.000928
185,2014,348,0.000922
186,2014,30,0.000918
187,2014,323,0.000912
188,2014,307,0.000908
189,2014,213,0.000908
190,2014,202,0.000887
191,2014,229,0.000871
192,2014,43,0.000870
193,2014,373,0.000869
194,2014,39,0.000863
195,2014,178,0.000862
196,2014,41,0.000853
197,2014,65,0.000844
198,2014,96,0.000839
199,2014,48,0.000836
200,2014,337,0.000835
201,2014,270,0.000809
202,2014,356,0.000807
203,2014,23,0.000803
204,2014,154,0.000802
205,2014,186,0.000797
206,2014,345,0.000790
207,2014,207,0.000785
208,2014,176,0.000781
209,2014,318,0.000770
210,2014,129,0.000768
211,2014,31,0.000757
212,2014,265,0.000757
213,2014,16,0.000753
214,2014,133,0.000751
215,2014,161,0.000742
216,2014,231,0.000742
217,2014,320,0.000741
218,2014,79,0.000740
219,2014,118,0.000738
220,2014,83,0.000736
221,2014,145,0.000731
222,2014,104,0.000718
223,2014,224,0.000709
224,2014,139,0.000706
225,2014,362,0.000699
226,2014,188,0.000694
227,2014,155,0.000691
228,2014,354,0.000687
229,2014,358,0.000686
230,2014,102,0.000672
231,2014,29,0.000668
232,2014,45,0.000667
233,2014,338,0.000660
234,2014,228,0.000659
235,2014,292,0.000653
236,2014,44,0.000641
237,2014,109,0.000639
238,2014,346,0.000634
239,2014,112,0.000634
240,2014,106,0.000632
241,2014,89,0.000629
242,2014,266,0.000629
243,2014,49,0.000624
244,2014,284,0.000622
245,2014,257,0.000617
246,2014,282,0.000616
247,2014,88,0.000614
248,2014,2,0.000604
249,2014,146,0.000603
250,2014,198,0.000598
251,2014,72,0.000573
252,2014,235,0.000569
253,2014,271,0.000555
254,2014,13,0.000541
255,2014,312,0.000539
256,2014,82,0.000537
257,2014,99,0.000536
258,2014,149,0.000533
259,2014,34,0.000526
260,2014,278,0.000524
261,2014,366,0.000523
262,2014,336,0.000522
263,2014,333,0.000521
264,2014,124,0.000518
265,2014,380,0.000515
266,2014,60,0.000514
267,2014,268,0.000512
268,2014,210,0.000510
269,2014,263,0.000510
270,2014,285,0.000508
271,2014,370,0.000506
272,2014,376,0.000504
273,2014,144,0.000504
274,2014,10,0.000502
275,2014,26,0.000502
276,2014,87,0.000502
277,2014,303,0.000502
278,2014,170,0.000492
279,2014,313,0.000492
280,2014,322,0.000491
281,2014,177,0.000489
282,2014,372,0.000487
283,2014,137,0.000484
284,2014,134,0.000480
285,2014,342,0.000480
286,2014,359,0.000475
287,2014,189,0.000472
288,2014,371,0.000471
289,2014,355,0.000470
290,2014,324,0.000466
291,2014,330,0.000462
292,2014,334,0.000461
293,2014,184,0.000458
294,2014,232,0.000456
295,2014,287,0.000455
296,2014,17,0.000447
297,2014,364,0.000447
298,2014,381,0.000447
299,2014,367,0.000445
300,2014,288,0.000443
301,2014,108,0.000440
302,2014,22,0.000439
303,2014,328,0.000432
304,2014,121,0.000432
305,2014,166,0.000427
306,2014,130,0.000425
307,2014,273,0.000422
308,2014,28,0.000418
309,2014,128,0.000417
310,2014,382,0.000415
311,2014,86,0.000411
312,2014,148,0.000411
313,2014,216,0.000408
314,2014,227,0.000406
315,2014,5,0.000406
316,2014,347,0.000404
317,2014,0,0.000402
318,2014,169,0.000400
319,2014,151,0.000400
320,2014,54,0.000399
321,2014,201,0.000397
322,2014,335,0.000397
323,2014,325,0.000393
324,2014,52,0.000392
325,2014,73,0.000391
326,2014,77,0.000389
327,2014,98,0.000388
328,2014,70,0.000383
329,2014,283,0.000383
330,2014,316,0.000382
331,2014,368,0.000381
332,2014,67,0.000380
333,2014,219,0.000378
334,2014,314,0.000376
335,2014,132,0.000375
336,2014,59,0.000374
337,2014,250,0.000373
338,2014,36,0.000367
339,2014,20,0.000363
340,2014,37,0.000361
341,2014,309,0.000359
342,2014,351,0.000358
343,2014,8,0.000351
344,2014,164,0.000347
345,2014,92,0.000341
346,2014,187,0.000341
347,2014,299,0.000339
348,2014,123,0.000338
349,2014,140,0.000335
350,2014,331,0.000333
351,2014,332,0.000331
352,2014,173,0.000326
353,2014,1,0.000325
354,2014,71,0.000325
355,2014,91,0.000318
356,2014,105,0.000314
357,2014,172,0.000312
358,2014,308,0.000309
359,2014,35,0.000307
360,2014,7,0.000303
361,2014,100,0.000301
362,2014,269,0.000298
363,2014,256,0.000292
364,2014,19,0.000289
365,2014,241,0.000288
366,2014,126,0.000280
367,2014,374,0.000279
368,2014,192,0.000276
369,2014,327,0.000274
370,2014,375,0.000262
371,2014,157,0.000259
372,2014,344,0.000249
373,2014,9,0.000242
374,2014,205,0.000241
375,2014,181,0.000235
376,2014,280,0.000226
377,2014,165,0.000213
378,2014,220,0.000204
379,2014,163,0.000174
380,2014,272,0.000149
381,2014,317,0.000103
382,2014,127,0.000000
383,2014,223,0.000000
384,2014,319,0.000000
1,2016,383,0.036316
2,2016,311,0.036193
3,2016,14,0.035703
4,2016,191,0.035536
5,2016,78,0.035135
6,2016,107,0.031762
7,2016,24,0.027248
8,2016,95,0.026284
9,2016,80,0.024984
10,2016,135,0.022403
11,2016,3,0.021975
12,2016,117,0.019836
13,2016,194,0.016845
14,2016,215,0.015483
15,2016,156,0.015092
16,2016,350,0.014288
17,2016,264,0.013582
18,2016,214,0.013076
19,2016,42,0.011605
20,2016,152,0.010751
21,2016,31,0.008834
22,2016,310,0.008408
23,2016,286,0.008352
24,2016,51,0.008145
25,2016,110,0.007785
26,2016,239,0.007553
27,2016,180,0.007210
28,2016,183,0.007204
29,2016,204,0.007018
30,2016,249,0.006932
31,2016,379,0.006507
32,2016,300,0.006481
33,2016,233,0.006379
34,2016,302,0.006288
35,2016,179,0.006008
36,2016,298,0.005882
37,2016,226,0.005815
38,2016,160,0.005640
39,2016,62,0.005561
40,2016,378,0.005337
41,2016,301,0.005325
42,2016,168,0.005294
43,2016,175,0.005108
44,2016,174,0.004978
45,2016,277,0.004929
46,2016,373,0.004711
47,2016,268,0.004691
48,2016,32,0.004682
49,2016,206,0.004103
50,2016,162,0.003879
51,2016,27,0.003838
52,2016,136,0.003779
53,2016,81,0.003763
54,2016,269,0.003508
55,2016,353,0.003477
56,2016,294,0.003324
57,2016,6,0.003291
58,2016,150,0.003239
59,2016,58,0.003228
60,2016,16,0.003157
61,2016,343,0.003112
62,2016,13,0.003096
63,2016,167,0.003090
64,2016,116,0.003079
65,2016,365,0.003070
66,2016,342,0.003057
67,2016,91,0.002952
68,2016,11,0.002913
69,2016,112,0.002895
70,2016,228,0.002853
71,2016,55,0.002845
72,2016,363,0.002833
73,2016,339,0.002824
74,2016,57,0.002800
75,2016,262,0.002776
76,2016,40,0.002769
77,2016,240,0.002752
78,2016,141,0.002732
79,2016,238,0.002663
80,2016,352,0.002568
81,2016,253,0.002492
82,2016,61,0.002412
83,2016,349,0.002364
84,2016,362,0.002354
85,2016,198,0.002353
86,2016,209,0.002350
87,2016,360,0.002328
88,2016,212,0.002302
89,2016,296,0.002277
90,2016,234,0.002236
91,2016,333,0.002220
92,2016,271,0.002215
93,2016,297,0.002205
94,2016,177,0.002187
95,2016,143,0.002175
96,2016,142,0.002155
97,2016,361,0.002130
98,2016,83,0.002113
99,2016,12,0.002076
100,2016,154,0.002028
101,2016,163,0.002013
102,2016,287,0.001953
103,2016,211,0.001936
104,2016,292,0.001932
105,2016,307,0.001906
106,2016,53,0.001823
107,2016,290,0.001816
108,2016,328,0.001804
109,2016,76,0.001803
110,2016,159,0.001797
111,2016,128,0.001795
112,2016,20,0.001774
113,2016,38,0.001760
114,2016,94,0.001713
115,2016,267,0.001708
116,2016,197,0.001697
117,2016,329,0.001689
118,2016,104,0.001649
119,2016,344,0.001639
120,2016,134,0.001633
121,2016,153,0.001601
122,2016,354,0.001597
123,2016,96,0.001574
124,2016,195,0.001562
125,2016,248,0.001521
126,2016,182,0.001520
127,2016,88,0.001505
128,2016,188,0.001492
129,2016,69,0.001486
130,2016,306,0.001471
131,2016,295,0.001470
132,2016,149,0.001461
133,2016,370,0.001452
134,2016,84,0.001450
135,2016,36,0.001420
136,2016,109,0.001415
137,2016,68,0.001386
138,2016,357,0.001374
139,2016,187,0.001367
140,2016,26,0.001315
141,2016,199,0.001304
142,2016,21,0.001303
143,2016,205,0.001299
144,2016,47,0.001283
145,2016,266,0.001270
146,2016,289,0.001253
147,2016,273,0.001234
148,2016,276,0.001216
149,2016,97,0.001198
150,2016,304,0.001197
151,2016,37,0.001197
152,2016,242,0.001186
153,2016,202,0.001185
154,2016,147,0.001184
155,2016,235,0.001184
156,2016,89,0.001155
157,2016,265,0.001153
158,2016,291,0.001149
159,2016,255,0.001144
160,2016,43,0.001102
161,2016,171,0.001089
162,2016,247,0.001087
163,2016,85,0.001070
164,2016,216,0.001047
165,2016,137,0.001039
166,2016,213,0.001020
167,2016,263,0.001013
168,2016,323,0.001011
169,2016,337,0.001009
170,2016,359,0.001006
171,2016,118,0.001005
172,2016,4,0.000989
173,2016,102,0.000986
174,2016,98,0.000982
175,2016,131,0.000968
176,2016,28,0.000961
177,2016,369,0.000953
178,2016,321,0.000952
179,2016,87,0.000945
180,2016,312,0.000944
181,2016,132,0.000936
182,2016,190,0.000925
183,2016,145,0.000922
184,2016,207,0.000911
185,2016,284,0.000910
186,2016,60,0.000908
187,2016,33,0.000907
188,2016,19,0.000902
189,2016,303,0.000893
190,2016,75,0.000893
191,2016,380,0.000889
192,2016,252,0.000886
193,2016,326,0.000883
194,2016,244,0.000877
195,2016,219,0.000874
196,2016,341,0.000874
197,2016,281,0.000866
198,2016,7,0.000860
199,2016,364,0.000842
200,2016,39,0.000827
201,2016,285,0.000821
202,2016,166,0.000821
203,2016,101,0.000819
204,2016,17,0.000809
205,2016,245,0.000805
206,2016,189,0.000800
207,2016,66,0.000792
208,2016,250,0.000777
209,2016,50,0.000776
210,2016,124,0.000767
211,2016,67,0.000763
212,2016,2,0.000760
213,2016,314,0.000759
214,2016,15,0.000758
215,2016,366,0.000756
216,2016,41,0.000755
217,2016,23,0.000750
218,2016,49,0.000747
219,2016,254,0.000739
220,2016,318,0.000734
221,2016,258,0.000727
222,2016,340,0.000712
223,2016,111,0.000709
224,2016,316,0.000709
225,2016,186,0.000701
226,2016,63,0.000699
227,2016,138,0.000690
228,2016,221,0.000686
229,2016,29,0.000685
230,2016,86,0.000674
231,2016,0,0.000672
232,2016,201,0.000667
233,2016,358,0.000661
234,2016,56,0.000652
235,2016,34,0.000649
236,2016,113,0.000637
237,2016,146,0.000635
238,2016,336,0.000633
239,2016,293,0.000630
240,2016,351,0.000627
241,2016,251,0.000623
242,2016,279,0.000623
243,2016,280,0.000603
244,2016,125,0.000599
245,2016,229,0.000586
246,2016,129,0.000582
247,2016,330,0.000581
248,2016,282,0.000581
249,2016,196,0.000576
250,2016,355,0.000576
251,2016,283,0.000572
252,2016,217,0.000571
253,2016,315,0.000567
254,2016,278,0.000564
255,2016,44,0.000562
256,2016,106,0.000558
257,2016,139,0.000556
258,2016,103,0.000552
259,2016,243,0.000547
260,2016,122,0.000546
261,2016,324,0.000546
262,2016,93,0.000541
263,2016,237,0.000541
264,2016,220,0.000541
265,2016,270,0.000539
266,2016,347,0.000539
267,2016,275,0.000538
268,2016,203,0.000537
269,2016,224,0.000535
270,2016,208,0.000532
271,2016,305,0.000531
272,2016,59,0.000523
273,2016,25,0.000519
274,2016,120,0.000518
275,2016,172,0.000517
276,2016,322,0.000508
277,2016,299,0.000498
278,2016,79,0.000494
279,2016,140,0.000490
280,2016,185,0.000485
281,2016,10,0.000482
282,2016,48,0.000482
283,2016,54,0.000481
284,2016,222,0.000477
285,2016,331,0.000476
286,2016,157,0.000472
287,2016,230,0.000470
288,2016,1,0.000468
289,2016,114,0.000466
290,2016,377,0.000462
291,2016,108,0.000459
292,2016,158,0.000459
293,2016,70,0.000458
294,2016,381,0.000457
295,2016,82,0.000455
296,2016,308,0.000449
297,2016,232,0.000446
298,2016,105,0.000441
299,2016,241,0.000439
300,2016,133,0.000437
301,2016,192,0.000435
302,2016,325,0.000432
303,2016,334,0.000426
304,2016,367,0.000425
305,2016,5,0.000422
306,2016,119,0.000418
307,2016,225,0.000417
308,2016,259,0.000416
309,2016,356,0.000416
310,2016,71,0.000413
311,2016,151,0.000409
312,2016,170,0.000405
313,2016,176,0.000400
314,2016,346,0.000398
315,2016,74,0.000396
316,2016,348,0.000394
317,2016,371,0.000393
318,2016,260,0.000392
319,2016,45,0.000389
320,2016,9,0.000388
321,2016,382,0.000386
322,2016,52,0.000382
323,2016,155,0.000380
324,2016,18,0.000376
325,2016,376,0.000372
326,2016,327,0.000372
327,2016,256,0.000371
328,2016,46,0.000367
329,2016,231,0.000364
330,2016,178,0.000363
331,2016,64,0.000362
332,2016,272,0.000355
333,2016,338,0.000352
334,2016,335,0.000348
335,2016,210,0.000346
336,2016,193,0.000340
337,2016,115,0.000337
338,2016,123,0.000336
339,2016,73,0.000332
340,2016,274,0.000331
341,2016,257,0.000327
342,2016,161,0.000326
343,2016,332,0.000321
344,2016,30,0.000316
345,2016,148,0.000312
346,2016,65,0.000309
347,2016,345,0.000306
348,2016,246,0.000305
349,2016,130,0.000304
350,2016,236,0.000302
351,2016,320,0.000302
352,2016,100,0.000294
353,2016,313,0.000290
354,2016,372,0.000289
355,2016,200,0.000289
356,2016,35,0.000288
357,2016,99,0.000282
358,2016,77,0.000273
359,2016,126,0.000269
360,2016,72,0.000262
361,2016,218,0.000254
362,2016,374,0.000254
363,2016,261,0.000253
364,2016,184,0.000252
365,2016,169,0.000249
366,2016,173,0.000249
367,2016,8,0.000248
368,2016,375,0.000245
369,2016,317,0.000243
370,2016,121,0.000235
371,2016,309,0.000234
372,2016,288,0.000231
373,2016,92,0.000225
374,2016,22,0.000222
375,2016,368,0.000214
376,2016,164,0.000203
377,2016,165,0.000200
378,2016,181,0.000198
379,2016,90,0.000198
380,2016,227,0.000195
381,2016,144,0.000156
382,2016,127,0.000000
383,2016,223,0.000000
384,2016,319,0.000000
1,2018,78,0.054219
2,2018,383,0.046343
3,2018,107,0.035290
4,2018,339,0.032708
5,2018,24,0.032259
6,2018,350,0.030958
7,2018,14,0.023160
8,2018,262,0.023122
9,2018,80,0.021706
10,2018,32,0.017977
11,2018,135,0.016424
12,2018,81,0.014569
13,2018,277,0.013703
14,2018,94,0.013405
15,2018,298,0.013203
16,2018,215,0.012826
17,2018,53,0.012122
18,2018,302,0.012092
19,2018,310,0.010426
20,2018,249,0.009207
21,2018,75,0.009028
22,2018,102,0.008967
23,2018,235,0.008861
24,2018,117,0.008580
25,2018,295,0.007904
26,2018,212,0.006509
27,2018,286,0.006346
28,2018,179,0.006141
29,2018,7,0.005882
30,2018,191,0.005804
31,2018,359,0.005739
32,2018,264,0.005718
33,2018,106,0.005598
34,2018,180,0.005591
35,2018,156,0.005460
36,2018,195,0.005448
37,2018,31,0.005263
38,2018,362,0.005142
39,2018,61,0.005100
40,2018,98,0.005084
41,2018,373,0.004660
42,2018,174,0.004624
43,2018,96,0.004556
44,2018,55,0.004514
45,2018,110,0.004507
46,2018,300,0.004351
47,2018,150,0.004273
48,2018,175,0.004244
49,2018,349,0.004244
50,2018,3,0.004157
51,2018,306,0.004149
52,2018,311,0.004149
53,2018,233,0.004148
54,2018,20,0.004105
55,2018,257,0.004091
56,2018,95,0.004071
57,2018,293,0.004068
58,2018,188,0.004056
59,2018,221,0.004042
60,2018,342,0.003980
61,2018,124,0.003963
62,2018,354,0.003790
63,2018,136,0.003780
64,2018,222,0.003740
65,2018,263,0.003618
66,2018,211,0.003566
67,2018,27,0.003546
68,2018,202,0.003495
69,2018,340,0.003437
70,2018,282,0.003393
71,2018,51,0.003346
72,2018,62,0.003296
73,2018,89,0.003018
74,2018,47,0.002981
75,2018,214,0.002964
76,2018,12,0.002955
77,2018,182,0.002922
78,2018,37,0.002910
79,2018,284,0.002762
80,2018,38,0.002649
81,2018,168,0.002644
82,2018,213,0.002633
83,2018,206,0.002611
84,2018,379,0.002527
85,2018,234,0.002480
86,2018,103,0.002473
87,2018,69,0.002432
88,2018,13,0.002400
89,2018,273,0.002386
90,2018,194,0.002325
91,2018,278,0.002318
92,2018,99,0.002308
93,2018,4,0.002292
94,2018,296,0.002289
95,2018,357,0.002273
96,2018,382,0.002240
97,2018,40,0.002237
98,2018,301,0.002136
99,2018,16,0.002082
100,2018,245,0.002079
101,2018,254,0.002074
102,2018,204,0.002061
103,2018,162,0.002050
104,2018,248,0.002050
105,2018,91,0.002040
106,2018,84,0.002013
107,2018,268,0.002005
108,2018,112,0.001989
109,2018,65,0.001987
110,2018,352,0.001963
111,2018,109,0.001958
112,2018,332,0.001945
113,2018,170,0.001936
114,2018,360,0.001904
115,2018,344,0.001826
116,2018,104,0.001771
117,2018,304,0.001769
118,2018,274,0.001730
119,2018,259,0.001701
120,2018,48,0.001690
121,2018,240,0.001688
122,2018,88,0.001685
123,2018,11,0.001670
124,2018,116,0.001658
125,2018,122,0.001637
126,2018,365,0.001582
127,2018,10,0.001568
128,2018,160,0.001568
129,2018,353,0.001555
130,2018,218,0.001498
131,2018,67,0.001496
132,2018,361,0.001495
133,2018,26,0.001483
134,2018,131,0.001475
135,2018,294,0.001464
136,2018,238,0.001459
137,2018,187,0.001444
138,2018,363,0.001431
139,2018,42,0.001402
140,2018,343,0.001398
141,2018,83,0.001330
142,2018,6,0.001324
143,2018,272,0.001320
144,2018,320,0.001302
145,2018,316,0.001301
146,2018,219,0.001292
147,2018,281,0.001272
148,2018,189,0.001252
149,2018,276,0.001249
150,2018,335,0.001246
151,2018,331,0.001235
152,2018,371,0.001231
153,2018,152,0.001223
154,2018,348,0.001223
155,2018,205,0.001212
156,2018,368,0.001206
157,2018,161,0.001190
158,2018,49,0.001188
159,2018,21,0.001175
160,2018,142,0.001157
161,2018,30,0.001137
162,2018,144,0.001131
163,2018,269,0.001123
164,2018,154,0.001105
165,2018,82,0.001103
166,2018,253,0.001072
167,2018,307,0.001070
168,2018,143,0.001070
169,2018,167,0.001054
170,2018,199,0.001036
171,2018,290,0.001023
172,2018,299,0.001017
173,2018,297,0.001011
174,2018,19,0.001010
175,2018,9,0.001006
176,2018,309,0.000985
177,2018,367,0.000975
178,2018,59,0.000974
179,2018,247,0.000968
180,2018,97,0.000967
181,2018,120,0.000964
182,2018,198,0.000962
183,2018,178,0.000959
184,2018,28,0.000957
185,2018,305,0.000957
186,2018,380,0.000948
187,2018,271,0.000947
188,2018,181,0.000937
189,2018,22,0.000936
190,2018,177,0.000934
191,2018,225,0.000930
192,2018,260,0.000929
193,2018,137,0.000914
194,2018,119,0.000913
195,2018,216,0.000909
196,2018,321,0.000906
197,2018,172,0.000893
198,2018,243,0.000885
199,2018,292,0.000884
200,2018,190,0.000870
201,2018,356,0.000861
202,2018,378,0.000860
203,2018,33,0.000853
204,2018,336,0.000843
205,2018,139,0.000838
206,2018,60,0.000830
207,2018,140,0.000827
208,2018,68,0.000819
209,2018,324,0.000804
210,2018,58,0.000804
211,2018,63,0.000803
212,2018,217,0.000799
213,2018,256,0.000794
214,2018,355,0.000790
215,2018,23,0.000783
216,2018,209,0.000782
217,2018,236,0.000779
218,2018,351,0.000777
219,2018,193,0.000767
220,2018,153,0.000767
221,2018,329,0.000766
222,2018,341,0.000757
223,2018,280,0.000745
224,2018,93,0.000745
225,2018,73,0.000745
226,2018,18,0.000744
227,2018,165,0.000740
228,2018,381,0.000739
229,2018,141,0.000739
230,2018,166,0.000729
231,2018,258,0.000729
232,2018,369,0.000725
233,2018,228,0.000724
234,2018,130,0.000724
235,2018,132,0.000715
236,2018,66,0.000713
237,2018,151,0.000711
238,2018,46,0.000706
239,2018,279,0.000705
240,2018,35,0.000703
241,2018,145,0.000692
242,2018,115,0.000685
243,2018,231,0.000682
244,2018,203,0.000681
245,2018,113,0.000680
246,2018,291,0.000663
247,2018,226,0.000663
248,2018,265,0.000654
249,2018,147,0.000651
250,2018,376,0.000649
251,2018,242,0.000639
252,2018,287,0.000638
253,2018,123,0.000634
254,2018,266,0.000634
255,2018,338,0.000630
256,2018,76,0.000626
257,2018,85,0.000625
258,2018,317,0.000624
259,2018,197,0.000623
260,2018,252,0.000609
261,2018,220,0.000606
262,2018,364,0.000595
263,2018,375,0.000590
264,2018,0,0.000590
265,2018,126,0.000588
266,2018,308,0.000583
267,2018,337,0.000582
268,2018,346,0.000582
269,2018,239,0.000578
270,2018,229,0.000574
271,2018,56,0.000574
272,2018,5,0.000574
273,2018,36,0.000569
274,2018,312,0.000566
275,2018,246,0.000564
276,2018,118,0.000563
277,2018,358,0.000561
278,2018,105,0.000553
279,2018,275,0.000543
280,2018,157,0.000538
281,2018,34,0.000535
282,2018,285,0.000534
283,2018,326,0.000531
284,2018,314,0.000530
285,2018,255,0.000528
286,2018,237,0.000528
287,2018,333,0.000526
288,2018,370,0.000520
289,2018,121,0.000515
290,2018,128,0.000513
291,2018,267,0.000512
292,2018,372,0.000512
293,2018,283,0.000510
294,2018,313,0.000500
295,2018,87,0.000500
296,2018,207,0.000498
297,2018,71,0.000498
298,2018,79,0.000493
299,2018,192,0.000483
300,2018,289,0.000482
301,2018,334,0.000476
302,2018,224,0.000475
303,2018,315,0.000475
304,2018,57,0.000470
305,2018,173,0.000467
306,2018,101,0.000465
307,2018,200,0.000460
308,2018,15,0.000460
309,2018,25,0.000455
310,2018,155,0.000446
311,2018,250,0.000445
312,2018,377,0.000444
313,2018,184,0.000442
314,2018,163,0.000442
315,2018,146,0.000437
316,2018,138,0.000431
317,2018,64,0.000429
318,2018,43,0.000422
319,2018,232,0.000419
320,2018,288,0.000419
321,2018,164,0.000417
322,2018,41,0.000413
323,2018,347,0.000411
324,2018,92,0.000410
325,2018,108,0.000407
326,2018,208,0.000399
327,2018,2,0.000395
328,2018,149,0.000393
329,2018,17,0.000390
330,2018,129,0.000390
331,2018,148,0.000389
332,2018,328,0.000387
333,2018,70,0.000385
334,2018,270,0.000383
335,2018,374,0.000381
336,2018,111,0.000380
337,2018,323,0.000370
338,2018,77,0.000369
339,2018,1,0.000369
340,2018,227,0.000369
341,2018,72,0.000367
342,2018,100,0.000366
343,2018,183,0.000363
344,2018,169,0.000362
345,2018,185,0.000360
346,2018,251,0.000349
347,2018,230,0.000348
348,2018,318,0.000344
349,2018,45,0.000343
350,2018,39,0.000334
351,2018,50,0.000334
352,2018,54,0.000333
353,2018,114,0.000333
354,2018,366,0.000326
355,2018,74,0.000319
356,2018,29,0.000317
357,2018,52,0.000314
358,2018,303,0.000309
359,2018,125,0.000308
360,2018,322,0.000307
361,2018,241,0.000304
362,2018,8,0.000301
363,2018,261,0.000297
364,2018,134,0.000283
365,2018,244,0.000281
366,2018,171,0.000279
367,2018,325,0.000275
368,2018,158,0.000270
369,2018,159,0.000269
370,2018,327,0.000263
371,2018,86,0.000261
372,2018,330,0.000260
373,2018,44,0.000256
374,2018,196,0.000244
375,2018,133,0.000242
376,2018,90,0.000240
377,2018,345,0.000239
378,2018,210,0.000238
379,2018,201,0.000221
380,2018,186,0.000202
381,2018,176,0.000179
382,2018,127,0.000000
383,2018,223,0.000000
384,2018,319,0.000000
1,custom (data_future),383,0.048548
2,custom (data_future),135,0.041944
3,custom (data_future),214,0.030638
4,custom (data_future),95,0.030282
5,custom (data_future),353,0.027665
6,custom (data_future),25,0.027569
7,custom (data_future),117,0.027551
8,custom (data_future),277,0.023823
9,custom (data_future),21,0.022256
10,custom (data_future),3,0.020206
11,custom (data_future),264,0.019698
12,custom (data_future),174,0.019296
13,custom (data_future),143,0.018399
14,custom (data_future),300,0.017116
15,custom (data_future),152,0.015733
16,custom (data_future),302,0.015480
17,custom (data_future),222,0.014304
18,custom (data_future),4,0.013493
19,custom (data_future),357,0.013302
20,custom (data_future),47,0.013137
21,custom (data_future),182,0.012373
22,custom (data_future),194,0.011655
23,custom (data_future),341,0.011368
24,custom (data_future),78,0.010472
25,custom (data_future),218,0.009866
26,custom (data_future),276,0.009715
27,custom (data_future),286,0.009105
28,custom (data_future),66,0.008351
29,custom (data_future),75,0.008331
30,custom (data_future),204,0.008271
31,custom (data_future),113,0.008207
32,custom (data_future),274,0.008107
33,custom (data_future),125,0.008018
34,custom (data_future),42,0.007927
35,custom (data_future),352,0.007660
36,custom (data_future),246,0.007359
37,custom (data_future),76,0.007281
38,custom (data_future),215,0.006898
39,custom (data_future),50,0.006865
40,custom (data_future),80,0.006587
41,custom (data_future),147,0.006291
42,custom (data_future),245,0.006203
43,custom (data_future),115,0.006056
44,custom (data_future),11,0.005890
45,custom (data_future),193,0.005358
46,custom (data_future),298,0.005318
47,custom (data_future),279,0.005234
48,custom (data_future),162,0.005098
49,custom (data_future),233,0.004852
50,custom (data_future),199,0.004702
51,custom (data_future),230,0.004683
52,custom (data_future),291,0.004679
53,custom (data_future),191,0.004648
54,custom (data_future),156,0.004513
55,custom (data_future),84,0.004508
56,custom (data_future),12,0.004435
57,custom (data_future),254,0.004320
58,custom (data_future),240,0.004197
59,custom (data_future),226,0.003992
60,custom (data_future),281,0.003944
61,custom (data_future),221,0.003830
62,custom (data_future),293,0.003824
63,custom (data_future),183,0.003808
64,custom (data_future),234,0.003658
65,custom (data_future),297,0.003466
66,custom (data_future),94,0.003449
67,custom (data_future),212,0.003219
68,custom (data_future),23,0.003205
69,custom (data_future),306,0.003161
70,custom (data_future),361,0.003127
71,custom (data_future),136,0.003091
72,custom (data_future),53,0.002938
73,custom (data_future),122,0.002821
74,custom (data_future),51,0.002805
75,custom (data_future),249,0.002744
76,custom (data_future),275,0.002677
77,custom (data_future),153,0.002594
78,custom (data_future),46,0.002591
79,custom (data_future),369,0.002577
80,custom (data_future),30,0.002513
81,custom (data_future),63,0.002404
82,custom (data_future),239,0.002395
83,custom (data_future),81,0.002390
84,custom (data_future),315,0.002389
85,custom (data_future),262,0.002256
86,custom (data_future),261,0.002198
87,custom (data_future),236,0.002186
88,custom (data_future),305,0.002160
89,custom (data_future),237,0.002109
90,custom (data_future),263,0.002086
91,custom (data_future),68,0.002053
92,custom (data_future),289,0.002023
93,custom (data_future),252,0.001972
94,custom (data_future),197,0.001950
95,custom (data_future),18,0.001940
96,custom (data_future),131,0.001909
97,custom (data_future),111,0.001848
98,custom (data_future),167,0.001827
99,custom (data_future),196,0.001785
100,custom (data_future),120,0.001756
101,custom (data_future),0,0.001755
102,custom (data_future),49,0.001733
103,custom (data_future),259,0.001705
104,custom (data_future),225,0.001698
105,custom (data_future),185,0.001649
106,custom (data_future),62,0.001643
107,custom (data_future),160,0.001635
108,custom (data_future),327,0.001629
109,custom (data_future),74,0.001628
110,custom (data_future),180,0.001623
111,custom (data_future),311,0.001607
112,custom (data_future),255,0.001599
113,custom (data_future),168,0.001584
114,custom (data_future),119,0.001583
115,custom (data_future),247,0.001546
116,custom (data_future),329,0.001515
117,custom (data_future),24,0.001487
118,custom (data_future),103,0.001466
119,custom (data_future),69,0.001455
120,custom (data_future),97,0.001423
121,custom (data_future),238,0.001413
122,custom (data_future),48,0.001363
123,custom (data_future),33,0.001354
124,custom (data_future),93,0.001308
125,custom (data_future),328,0.001294
126,custom (data_future),349,0.001293
127,custom (data_future),250,0.001290
128,custom (data_future),129,0.001264
129,custom (data_future),159,0.001246
130,custom (data_future),151,0.001220
131,custom (data_future),55,0.001204
132,custom (data_future),365,0.001200
133,custom (data_future),343,0.001192
134,custom (data_future),213,0.001189
135,custom (data_future),116,0.001141
136,custom (data_future),203,0.001137
137,custom (data_future),295,0.001131
138,custom (data_future),190,0.001120
139,custom (data_future),82,0.001119
140,custom (data_future),44,0.001112
141,custom (data_future),202,0.001079
142,custom (data_future),36,0.001072
143,custom (data_future),8,0.001057
144,custom (data_future),65,0.001046
145,custom (data_future),56,0.001038
146,custom (data_future),61,0.001014
147,custom (data_future),307,0.001003
148,custom (data_future),312,0.000987
149,custom (data_future),217,0.000987
150,custom (data_future),326,0.000983
151,custom (data_future),29,0.000974
152,custom (data_future),354,0.000974
153,custom (data_future),110,0.000972
154,custom (data_future),265,0.000961
155,custom (data_future),267,0.000961
156,custom (data_future),195,0.000957
157,custom (data_future),348,0.000935
158,custom (data_future),324,0.000923
159,custom (data_future),378,0.000915
160,custom (data_future),91,0.000901
161,custom (data_future),350,0.000888
162,custom (data_future),270,0.000884
163,custom (data_future),321,0.000875
164,custom (data_future),323,0.000860
165,custom (data_future),209,0.000850
166,custom (data_future),178,0.000828
167,custom (data_future),171,0.000810
168,custom (data_future),140,0.000808
169,custom (data_future),154,0.000802
170,custom (data_future),161,0.000770
171,custom (data_future),107,0.000769
172,custom (data_future),301,0.000768
173,custom (data_future),216,0.000765
174,custom (data_future),200,0.000764
175,custom (data_future),260,0.000762
176,custom (data_future),88,0.000751
177,custom (data_future),99,0.000742
178,custom (data_future),6,0.000736
179,custom (data_future),43,0.000732
180,custom (data_future),334,0.000724
181,custom (data_future),139,0.000717
182,custom (data_future),244,0.000700
183,custom (data_future),141,0.000694
184,custom (data_future),228,0.000689
185,custom (data_future),90,0.000686
186,custom (data_future),296,0.000673
187,custom (data_future),64,0.000649
188,custom (data_future),175,0.000645
189,custom (data_future),243,0.000644
190,custom (data_future),189,0.000643
191,custom (data_future),320,0.000633
192,custom (data_future),219,0.000632
193,custom (data_future),35,0.000632
194,custom (data_future),335,0.000631
195,custom (data_future),360,0.000629
196,custom (data_future),146,0.000626
197,custom (data_future),144,0.000623
198,custom (data_future),282,0.000621
199,custom (data_future),367,0.000618
200,custom (data_future),165,0.000618
201,custom (data_future),258,0.000614
202,custom (data_future),224,0.000612
203,custom (data_future),285,0.000610
204,custom (data_future),366,0.000581
205,custom (data_future),206,0.000580
206,custom (data_future),179,0.000575
207,custom (data_future),248,0.000570
208,custom (data_future),41,0.000566
209,custom (data_future),210,0.000564
210,custom (data_future),373,0.000552
211,custom (data_future),382,0.000549
212,custom (data_future),346,0.000547
213,custom (data_future),67,0.000541
214,custom (data_future),9,0.000541
215,custom (data_future),242,0.000532
216,custom (data_future),138,0.000531
217,custom (data_future),345,0.000524
218,custom (data_future),15,0.000522
219,custom (data_future),5,0.000516
220,custom (data_future),208,0.000515
221,custom (data_future),128,0.000513
222,custom (data_future),314,0.000502
223,custom (data_future),188,0.000500
224,custom (data_future),101,0.000497
225,custom (data_future),318,0.000496
226,custom (data_future),106,0.000490
227,custom (data_future),304,0.000489
228,custom (data_future),172,0.000486
229,custom (data_future),133,0.000484
230,custom (data_future),112,0.000482
231,custom (data_future),79,0.000481
232,custom (data_future),379,0.000475
233,custom (data_future),235,0.000467
234,custom (data_future),356,0.000458
235,custom (data_future),85,0.000456
236,custom (data_future),227,0.000448
237,custom (data_future),16,0.000431
238,custom (data_future),118,0.000428
239,custom (data_future),211,0.000424
240,custom (data_future),332,0.000421
241,custom (data_future),83,0.000413
242,custom (data_future),229,0.000412
243,custom (data_future),380,0.000409
244,custom (data_future),362,0.000407
245,custom (data_future),28,0.000405
246,custom (data_future),13,0.000395
247,custom (data_future),142,0.000390
248,custom (data_future),377,0.000390
249,custom (data_future),256,0.000386
250,custom (data_future),340,0.000386
251,custom (data_future),121,0.000382
252,custom (data_future),114,0.000376
253,custom (data_future),273,0.000375
254,custom (data_future),34,0.000375
255,custom (data_future),344,0.000374
256,custom (data_future),38,0.000371
257,custom (data_future),358,0.000370
258,custom (data_future),31,0.000369
259,custom (data_future),232,0.000368
260,custom (data_future),32,0.000363
261,custom (data_future),290,0.000362
262,custom (data_future),355,0.000359
263,custom (data_future),266,0.000346
264,custom (data_future),10,0.000346
265,custom (data_future),288,0.000345
266,custom (data_future),54,0.000342
267,custom (data_future),145,0.000342
268,custom (data_future),150,0.000342
269,custom (data_future),22,0.000339
270,custom (data_future),363,0.000339
271,custom (data_future),166,0.000338
272,custom (data_future),292,0.000336
273,custom (data_future),52,0.000335
274,custom (data_future),339,0.000333
275,custom (data_future),109,0.000330
276,custom (data_future),105,0.000329
277,custom (data_future),27,0.000326
278,custom (data_future),310,0.000324
279,custom (data_future),333,0.000321
280,custom (data_future),271,0.000316
281,custom (data_future),253,0.000314
282,custom (data_future),155,0.000310
283,custom (data_future),87,0.000308
284,custom (data_future),132,0.000306
285,custom (data_future),338,0.000305
286,custom (data_future),220,0.000295
287,custom (data_future),370,0.000291
288,custom (data_future),375,0.000291
289,custom (data_future),164,0.000291
290,custom (data_future),72,0.000289
291,custom (data_future),364,0.000287
292,custom (data_future),313,0.000286
293,custom (data_future),98,0.000284
294,custom (data_future),337,0.000282
295,custom (data_future),322,0.000280
296,custom (data_future),207,0.000277
297,custom (data_future),102,0.000277
298,custom (data_future),134,0.000274
299,custom (data_future),170,0.000273
300,custom (data_future),58,0.000272
301,custom (data_future),268,0.000266
302,custom (data_future),126,0.000265
303,custom (data_future),57,0.000265
304,custom (data_future),124,0.000264
305,custom (data_future),336,0.000264
306,custom (data_future),123,0.000262
307,custom (data_future),158,0.000262
308,custom (data_future),372,0.000260
309,custom (data_future),342,0.000258
310,custom (data_future),374,0.000256
311,custom (data_future),376,0.000254
312,custom (data_future),351,0.000253
313,custom (data_future),92,0.000250
314,custom (data_future),251,0.000249
315,custom (data_future),257,0.000247
316,custom (data_future),381,0.000247
317,custom (data_future),7,0.000246
318,custom (data_future),347,0.000246
319,custom (data_future),192,0.000245
320,custom (data_future),163,0.000245
321,custom (data_future),287,0.000243
322,custom (data_future),70,0.000243
323,custom (data_future),104,0.000239
324,custom (data_future),169,0.000238
325,custom (data_future),198,0.000238
326,custom (data_future),14,0.000238
327,custom (data_future),39,0.000237
328,custom (data_future),241,0.000234
329,custom (data_future),303,0.000233
330,custom (data_future),137,0.000233
331,custom (data_future),59,0.000232
332,custom (data_future),231,0.000230
333,custom (data_future),26,0.000227
334,custom (data_future),176,0.000225
335,custom (data_future),100,0.000221
336,custom (data_future),45,0.000218
337,custom (data_future),184,0.000214
338,custom (data_future),284,0.000213
339,custom (data_future),308,0.000212
340,custom (data_future),173,0.000211
341,custom (data_future),201,0.000209
342,custom (data_future),269,0.000208
343,custom (data_future),96,0.000207
344,custom (data_future),299,0.000207
345,custom (data_future),371,0.000206
346,custom (data_future),181,0.000204
347,custom (data_future),19,0.000203
348,custom (data_future),283,0.000202
349,custom (data_future),77,0.000201
350,custom (data_future),40,0.000201
351,custom (data_future),73,0.000199
352,custom (data_future),325,0.000198
353,custom (data_future),316,0.000194
354,custom (data_future),186,0.000191
355,custom (data_future),309,0.000184
356,custom (data_future),130,0.000179
357,custom (data_future),205,0.000178
358,custom (data_future),2,0.000176
359,custom (data_future),37,0.000175
360,custom (data_future),60,0.000171
361,custom (data_future),71,0.000170
362,custom (data_future),20,0.000167
363,custom (data_future),294,0.000161
364,custom (data_future),368,0.000158
365,custom (data_future),177,0.000158
366,custom (data_future),317,0.000156
367,custom (data_future),359,0.000155
368,custom (data_future),187,0.000153
369,custom (data_future),86,0.000152
370,custom (data_future),272,0.000151
371,custom (data_future),89,0.000149
372,custom (data_future),17,0.000144
373,custom (data_future),278,0.000138
374,custom (data_future),108,0.000135
375,custom (data_future),330,0.000117
376,custom (data_future),149,0.000115
377,custom (data_future),157,0.000114
378,custom (data_future),148,0.000107
379,custom (data_future),331,0.000103
380,custom (data_future),280,0.000099
381,custom (data_future),1,0.000092
382,custom (data_future),127,0.000000
383,custom (data_future),223,0.000000
384,custom (data_future),319,0.000000
